Split,Model,log_likelihood,log_likelihood_null,mcfadden_pseudo_r2,auc
Test,Baseline,-1001.7839138076292,-4213.7307201791045,0.762257253646942,0.7431254123737502
Test,YOLO,-999.6771764350074,-4213.7307201791045,0.7627572232730344,0.7419047860731869
