Split,delta_auc,lr_stat,lr_df,lr_p_value,r2_base,r2_yolo,delta_pseudo_r2
Test,-0.001220626300563299,4.21347474524373,1,0.040104106128608596,0.762257253646942,0.7627572232730344,0.0004999696260924447
