Split,Accuracy,Precision,Recall,F1-Score,ROC AUC
Train,0.6792243083003953,0.14098939929328622,0.7061946902654868,0.23505154639175257,0.7607888573835815
Val,0.660322952710496,0.1411042944785276,0.7603305785123967,0.23803363518758086,0.7531292750534141
Test,0.6919976971790444,0.14335060449050085,0.680327868852459,0.23680456490727533,0.7450845048977313
